{"cameraMode":{"drawMode":0,"name":"Shaded","section":"Shading Mode"},"sceneLighting":false,"audioPlay":false,"sceneViewState":{"showFog":true,"showMaterialUpdate":false,"showSkybox":false,"showFlares":true,"showImageEffects":true,"showParticleSystems":true},"in2DMode":false,"pivot":{"x":-1.364145040512085,"y":2.003413438796997,"z":-5.010879993438721},"rotation":{"x":-0.05431608483195305,"y":0.70402592420578,"z":-0.05420680344104767,"w":-0.7061206698417664},"size":3.3452341556549074,"orthographic":false}