{"cameraMode":{"drawMode":0,"name":"Shaded","section":"Shading Mode"},"sceneLighting":true,"audioPlay":false,"sceneViewState":{"showFog":true,"showMaterialUpdate":false,"showSkybox":true,"showFlares":true,"showImageEffects":true,"showParticleSystems":true},"in2DMode":false,"pivot":{"x":-39.60292053222656,"y":-8.283404350280762,"z":-47.876468658447269},"rotation":{"x":0.0763208419084549,"y":-0.8029361367225647,"z":0.10540828108787537,"w":0.581786036491394},"size":110.12869262695313,"orthographic":false}